"Handle","Title","Body (HTML)","Vendor","Type","Tags","Published","Option1 Name","Option1 Value","Variant SKU","Variant Inventory Tracker","Variant Inventory Qty","Variant Inventory Policy","Variant Fulfillment Service","Variant Price","Variant Requires Shipping","Variant Taxable","Image Src","Image Position","Status"
"handcrafted-wood-stool---cote-d-ivoire","Handcrafted Wood Stool – Côte D’Ivoire","","The Roots Corner","stools","stools","TRUE","Title","Default Title","handcrafted-wood-stool---cote-d-ivoire","shopify","1","deny","manual","480","TRUE","TRUE","https://storage.e.jimdo.com/image/547923656/5b5fa46c-0165-4a3c-822e-0b440a0e88cf.jpg","1","active"
"handcrafted-wood-stool---cote-d-ivoire","","","","","","","","","","","","","","","","","https://storage.e.jimdo.com/image/503045209/8b973107-5da6-460c-9eb1-25af8176e3e4.jpg","2",""
"handcrafted-wood-stool---cote-d-ivoire","","","","","","","","","","","","","","","","","https://storage.e.jimdo.com/image/547923655/99e136f8-426b-48c1-a7bd-23fbf6f35806.jpg","3",""
"handcrafted-wood-stool---cote-d-ivoire","","","","","","","","","","","","","","","","","https://storage.e.jimdo.com/image/547923654/6c399445-b3ea-4769-a2e6-79764e0eca78.jpg","4",""
"handcrafted-wood-stool---cote-d-ivoire","","","","","","","","","","","","","","","","","https://storage.e.jimdo.com/image/547923651/c8d03a66-209c-4685-970c-000a15da7c93.jpg","5",""
"handcrafted-wood-stool---cote-d-ivoire","","","","","","","","","","","","","","","","","https://storage.e.jimdo.com/image/547923642/7642dfd6-b4d1-4606-b75b-de633687e969.jpg","6",""
"handcrafted-wood-stool---cote-d-ivoire","","","","","","","","","","","","","","","","","https://storage.e.jimdo.com/image/547923616/0d38f8cd-7f4d-4ea2-a73d-1163317f061f.jpg","7",""
"handcrafted-wood-stool---cote-d-ivoire","","","","","","","","","","","","","","","","","https://storage.e.jimdo.com/image/547923652/c74aae7c-7eba-4091-924b-f18125c28407.jpg","8",""
"hand-carved-tribal-stool-wood","Hand-Carved Tribal Stool Wood","","The Roots Corner","stools","stools","TRUE","Title","Default Title","hand-carved-tribal-stool-wood","shopify","1","deny","manual","480","TRUE","TRUE","https://storage.e.jimdo.com/image/547926296/09aae5ee-517a-4920-9a77-e45fedf7928c.jpg","1","active"
"hand-carved-tribal-stool-wood","","","","","","","","","","","","","","","","","https://storage.e.jimdo.com/image/503046182/8a5253e6-a72c-44aa-b56a-924601fc5905.jpg","2",""
"hand-carved-tribal-stool-wood","","","","","","","","","","","","","","","","","https://storage.e.jimdo.com/image/547926297/fd047404-805f-4099-8bcb-ddddd5e6598b.jpg","3",""
"hand-carved-tribal-stool-wood","","","","","","","","","","","","","","","","","https://storage.e.jimdo.com/image/547926291/0e58fcb0-eb1d-490c-9e40-72ea4330aabf.jpg","4",""
"hand-carved-tribal-stool-wood","","","","","","","","","","","","","","","","","https://storage.e.jimdo.com/image/547926294/1d7b82b2-8317-410e-bbde-bcbff76d9f25.jpg","5",""
"hand-carved-tribal-stool-wood","","","","","","","","","","","","","","","","","https://storage.e.jimdo.com/image/547926292/881da053-9018-4f51-b9ac-8daf2ab062ac.jpg","6",""
"hand-carved-tribal-stool-wood","","","","","","","","","","","","","","","","","https://storage.e.jimdo.com/image/547926290/12df82b4-f9e5-4752-9c56-5105164aa123.jpg","7",""
"hand-carved-tribal-stool-wood","","","","","","","","","","","","","","","","","https://storage.e.jimdo.com/image/547926293/072f8b36-74b8-46c1-8eb1-f49afa9477b2.jpg","8",""
"handmade-wooden-stool","Handmade Wooden Stool","","The Roots Corner","stools","stools","TRUE","Title","Default Title","handmade-wooden-stool","shopify","1","deny","manual","480","TRUE","TRUE","https://storage.e.jimdo.com/image/545769653/b798f579-0ea6-4415-b65f-7ef362222d97.jpg","1","active"
"handmade-wooden-stool","","","","","","","","","","","","","","","","","https://storage.e.jimdo.com/image/545783233/8e52dd71-f1ce-49aa-8eee-aae4d59b971e.jpg","2",""
"handmade-wooden-stool","","","","","","","","","","","","","","","","","https://storage.e.jimdo.com/image/545783234/3859003f-6fe6-4872-832a-985229299555.jpg","3",""
"handmade-wooden-stool","","","","","","","","","","","","","","","","","https://storage.e.jimdo.com/image/545783232/48640323-bef2-42e9-a3fd-37e9d5117c53.jpg","4",""
"decorative-wooden-stool","Decorative Wooden Stool","","The Roots Corner","stools","stools","TRUE","Title","Default Title","decorative-wooden-stool","shopify","1","deny","manual","480","TRUE","TRUE","https://storage.e.jimdo.com/image/545792936/884c807d-a7bf-4c4f-b2b3-0d7892fb918b.jpg","1","active"
"decorative-wooden-stool","","","","","","","","","","","","","","","","","https://storage.e.jimdo.com/image/545792986/c29d44ad-baf4-42b6-82a7-56b43b3c2c5c.jpg","2",""
"decorative-wooden-stool","","","","","","","","","","","","","","","","","https://storage.e.jimdo.com/image/545792983/d83a7c1a-9ea9-4681-9f7a-c2e42308b8a2.jpg","3",""
"decorative-wooden-stool","","","","","","","","","","","","","","","","","https://storage.e.jimdo.com/image/545792982/14ffb8e4-b663-4297-9242-32fe3f9d38de.jpg","4",""
"decorative-wooden-stool","","","","","","","","","","","","","","","","","https://storage.e.jimdo.com/image/545792978/6c21306e-bd03-4c4f-910f-9cd8de1aab4c.jpg","5",""
"wooden-carved-stool","Wooden Carved Stool","","The Roots Corner","stools","stools","TRUE","Title","Default Title","wooden-carved-stool","shopify","1","deny","manual","480","TRUE","TRUE","https://storage.e.jimdo.com/image/545793264/6924464a-ed34-40e4-9ca8-e3b959ce5934.jpg","1","active"
"wooden-carved-stool","","","","","","","","","","","","","","","","","https://storage.e.jimdo.com/image/545793362/3c9e17fe-28ff-4a33-9277-444faa535f57.jpg","2",""
"wooden-carved-stool","","","","","","","","","","","","","","","","","https://storage.e.jimdo.com/image/545793361/346d3174-92c8-492c-a589-466b29d6e95d.jpg","3",""
"wooden-carved-stool","","","","","","","","","","","","","","","","","https://storage.e.jimdo.com/image/545793360/12e27309-29fd-4143-88fe-2c424c781b79.jpg","4",""
"handcrafted-stool","Handcrafted Stool","","The Roots Corner","stools","stools","TRUE","Title","Default Title","handcrafted-stool","shopify","1","deny","manual","480","TRUE","TRUE","https://storage.e.jimdo.com/image/545801693/bcd1810a-c556-4397-b899-8d07a514d4c3.jpg","1","active"
"handcrafted-stool","","","","","","","","","","","","","","","","","https://storage.e.jimdo.com/image/545801743/db417b96-2fcf-4bc9-893f-cc53bdb13b84.jpg","2",""
"handcrafted-stool","","","","","","","","","","","","","","","","","https://storage.e.jimdo.com/image/545801747/bb7e641d-2522-4bb4-8015-01cf31cf5c86.jpg","3",""
"handcrafted-stool","","","","","","","","","","","","","","","","","https://storage.e.jimdo.com/image/545801745/c3b782e9-68b2-466e-9d9a-a6401ce46bee.jpg","4",""
"handcrafted-stool","","","","","","","","","","","","","","","","","https://storage.e.jimdo.com/image/545801746/131cc037-3e00-4d2d-aa2c-cb422b0e3066.jpg","5",""
"handcrafted-stool","","","","","","","","","","","","","","","","","https://storage.e.jimdo.com/image/545801742/33d58dbb-7216-4295-812a-1536cc46134d.jpg","6",""
"handcrafted-varnished-wooden-stool","Handcrafted Varnished Wooden Stool","","The Roots Corner","stools","stools","TRUE","Title","Default Title","handcrafted-varnished-wooden-stool","shopify","1","deny","manual","300","TRUE","TRUE","https://storage.e.jimdo.com/image/545801872/3907e350-52bf-4d00-9f10-a522d8fe6c05.jpg","1","active"
"handcrafted-varnished-wooden-stool","","","","","","","","","","","","","","","","","https://storage.e.jimdo.com/image/545801942/46c838fb-fbe1-4f70-bc0c-ae29fa65cc36.jpg","2",""
"handcrafted-varnished-wooden-stool","","","","","","","","","","","","","","","","","https://storage.e.jimdo.com/image/545801940/d1469a73-85a3-4dd0-aeb0-a5f658b43cef.jpg","3",""
"handcrafted-varnished-wooden-stool","","","","","","","","","","","","","","","","","https://storage.e.jimdo.com/image/545801939/cfc83881-3625-4047-bb11-04ec9b39e6cb.jpg","4",""
"handcrafted-varnished-wooden-stool","","","","","","","","","","","","","","","","","https://storage.e.jimdo.com/image/545801941/89a1da63-a0c2-4e63-adf3-9bb1b957ac71.jpg","5",""
"handcrafted-wooden-stool","Handcrafted Wooden Stool","","The Roots Corner","stools","stools","TRUE","Title","Default Title","handcrafted-wooden-stool","shopify","1","deny","manual","300","TRUE","TRUE","https://storage.e.jimdo.com/image/545802092/550358fb-8efe-4c6d-8fbc-606016527d9a.jpg","1","active"
"handcrafted-wooden-stool","","","","","","","","","","","","","","","","","https://storage.e.jimdo.com/image/545802195/3ced9c38-4e6f-4239-968a-cb122f4fa5ce.jpg","2",""
"handcrafted-wooden-stool","","","","","","","","","","","","","","","","","https://storage.e.jimdo.com/image/545802194/719f5737-32fd-465a-8b39-8838f29cce99.jpg","3",""
"handcrafted-wooden-stool","","","","","","","","","","","","","","","","","https://storage.e.jimdo.com/image/545802193/75e14100-a48a-4a54-b730-1300b40e1ec2.jpg","4",""
"handcrafted-wooden-stool","","","","","","","","","","","","","","","","","https://storage.e.jimdo.com/image/545802192/b27052b4-3cfc-44ff-ac7c-31445f143131.jpg","5",""
"handcrafted-wooden-stool","","","","","","","","","","","","","","","","","https://storage.e.jimdo.com/image/545802117/1314e228-f00e-43e4-a0ae-2c5b084382da.jpg","6",""
"handcrafted-stool-from-cameroon","Handcrafted Stool from Cameroon","","The Roots Corner","stools","stools","TRUE","Title","Default Title","handcrafted-stool-from-cameroon","shopify","1","deny","manual","480","TRUE","TRUE","https://storage.e.jimdo.com/image/546659843/899b9fd8-3e66-4224-9cd7-7b614f2ec7e0.jpg","1","active"
"handcrafted-stool-from-cameroon","","","","","","","","","","","","","","","","","https://storage.e.jimdo.com/image/546660799/a3bf972d-0ad2-4044-b425-ed557e8e7c9c.jpg","2",""
"handcrafted-stool-from-cameroon","","","","","","","","","","","","","","","","","https://storage.e.jimdo.com/image/546660798/437830b4-9d62-471a-8bbc-05a62398aaf9.jpg","3",""
"handcrafted-stool-from-cameroon","","","","","","","","","","","","","","","","","https://storage.e.jimdo.com/image/546660797/7c831f75-1225-4a89-bed4-0fb3410b42ec.jpg","4",""
"handcrafted-stool-from-cameroon","","","","","","","","","","","","","","","","","https://storage.e.jimdo.com/image/546660796/0b0313d4-8b16-48ca-a4e9-41370c16710d.jpg","5",""
"dogon-stool","Dogon Stool","","The Roots Corner","stools","stools","TRUE","Title","Default Title","dogon-stool","shopify","1","deny","manual","190","TRUE","TRUE","https://storage.e.jimdo.com/image/548972881/0af453e4-771c-40ec-9a23-d5ad43413302.webp","1","active"
"dogon-stool","","","","","","","","","","","","","","","","","https://storage.e.jimdo.com/image/548972826/680a64cb-e0d5-4c30-892e-78a47f6d3304.webp","2",""
"dogon-stool","","","","","","","","","","","","","","","","","https://storage.e.jimdo.com/image/548972820/6f694e32-1b97-425f-9ce3-4d5aed8b7902.webp","3",""
"dogon-stool","","","","","","","","","","","","","","","","","https://storage.e.jimdo.com/image/548972828/be60e428-5147-412f-b611-61e229f3459c.webp","4",""
"senufo-stool","Senufo Stool","","The Roots Corner","stools","stools","TRUE","Title","Default Title","senufo-stool","shopify","1","deny","manual","280","TRUE","TRUE","https://storage.e.jimdo.com/image/548959233/ab65c463-6f95-4221-b898-a99db0a908c5.jpg","1","active"
"senufo-stool","","","","","","","","","","","","","","","","","https://storage.e.jimdo.com/image/548232118/486bc88d-3824-4158-9f4e-6899c7cd4277.jpg","2",""
"senufo-stool","","","","","","","","","","","","","","","","","https://storage.e.jimdo.com/image/548232117/6c14d837-870f-4821-8579-1b69834fdad7.jpg","3",""
"baule-chair-cote-d-ivoire","Baule Chair (Cote D'Ivoire)","","The Roots Corner","stools","stools","TRUE","Title","Default Title","baule-chair-cote-d-ivoire","shopify","1","deny","manual","400","TRUE","TRUE","https://storage.e.jimdo.com/image/550028878/82d66812-aa39-40f3-a966-b084d4966b7f.jpg","1","active"
"baule-chair-cote-d-ivoire","","","","","","","","","","","","","","","","","https://storage.e.jimdo.com/image/550028868/8c210d9a-86b5-4ef9-9918-7151cb7a46f5.jpg","2",""
"baule-chair-cote-d-ivoire","","","","","","","","","","","","","","","","","https://storage.e.jimdo.com/image/550028866/f391fc5a-b768-436a-bab9-f28ac038ccc6.jpg","3",""
"baule-chair-cote-d-ivoire","","","","","","","","","","","","","","","","","https://storage.e.jimdo.com/image/550028852/4e06e29e-913f-48bd-9cd5-dda28550e36d.jpg","4",""
"baule-chair-cote-d-ivoire","","","","","","","","","","","","","","","","","https://storage.e.jimdo.com/image/550028850/3a2799ef-de7f-4066-865e-4b24762d8010.jpg","5",""
"antique-moroccan-vase","Antique Moroccan Vase","","The Roots Corner","vases","vases","TRUE","Title","Default Title","antique-moroccan-vase","shopify","1","deny","manual","120","TRUE","TRUE","https://storage.e.jimdo.com/image/545793507/c1dd7310-72e8-4641-be1c-473dcb984d99.jpg","1","active"
"antique-moroccan-vase","","","","","","","","","","","","","","","","","https://storage.e.jimdo.com/image/548958064/8431bc52-1da0-4d5f-a40a-d7e528f71c65.jpg","2",""
"antique-moroccan-vase","","","","","","","","","","","","","","","","","https://storage.e.jimdo.com/image/545793575/e9c67478-3fe6-4d40-b7e1-3c5405ca7019.jpg","3",""
"antique-moroccan-vase","","","","","","","","","","","","","","","","","https://storage.e.jimdo.com/image/545793577/1867c435-fe6e-4039-96fc-710d05ac2c8e.jpg","4",""
"antique-moroccan-vase","","","","","","","","","","","","","","","","","https://storage.e.jimdo.com/image/545793576/251b5201-2a83-4962-941e-f55f314caad7.jpg","5",""
"antique-moroccan-vase","","","","","","","","","","","","","","","","","https://storage.e.jimdo.com/image/545793574/b97d09e8-0118-46a7-b9f9-5903aae0ae13.jpg","6",""
"antique-moroccan-vase","","","","","","","","","","","","","","","","","https://storage.e.jimdo.com/image/545793572/087bb901-cb04-4ad1-9a31-c2a36f5f750b.jpg","7",""
"antique-moroccan-vase","","","","","","","","","","","","","","","","","https://storage.e.jimdo.com/image/545793567/29a2006c-2d8b-4171-872d-699d22777dd5.jpg","8",""
"antique-berber-vase","Antique Berber Vase","","The Roots Corner","vases","vases","TRUE","Title","Default Title","antique-berber-vase","shopify","1","deny","manual","120","TRUE","TRUE","https://storage.e.jimdo.com/image/548964909/af2cb212-88fa-4a89-b9eb-71bd6925a1d4.jpg","1","active"
"antique-berber-vase","","","","","","","","","","","","","","","","","https://storage.e.jimdo.com/image/548965163/efb5a3e9-8cc9-44d9-8d3a-2b8011a8a8ea.jpg","2",""
"antique-berber-vase","","","","","","","","","","","","","","","","","https://storage.e.jimdo.com/image/548965006/b7f78de8-4d0e-49af-a6f6-fa45ecd3aa69.jpg","3",""
"antique-berber-vase","","","","","","","","","","","","","","","","","https://storage.e.jimdo.com/image/548965073/48030b8f-3058-458c-aa1f-65414c4b97ea.jpg","4",""
"handmade-blackened-clay-pot---morocco","Handmade Blackened Clay Pot – Morocco","","The Roots Corner","pots","pots","TRUE","Title","Default Title","handmade-blackened-clay-pot---morocco","shopify","1","deny","manual","135","TRUE","TRUE","https://storage.e.jimdo.com/image/548882073/42081dd2-ee49-4ace-88eb-2db7bac3494b.jpg","1","active"
"handmade-blackened-clay-pot---morocco","","","","","","","","","","","","","","","","","https://storage.e.jimdo.com/image/503045989/290c56b8-b667-4170-ab23-3c6497deda0a.jpg","2",""
"handmade-blackened-clay-pot---morocco","","","","","","","","","","","","","","","","","https://storage.e.jimdo.com/image/548882074/64e2018e-4cf3-4546-b245-22d88a7c88ad.jpg","3",""
"handmade-blackened-clay-pot---morocco","","","","","","","","","","","","","","","","","https://storage.e.jimdo.com/image/503045990/3cb5997d-0c2f-4cc2-b194-202e7fb8ee47.jpg","4",""
"handmade-blackened-clay-pot---morocco","","","","","","","","","","","","","","","","","https://storage.e.jimdo.com/image/548882072/0e149d43-9ef9-4bf8-a673-daab885153c3.jpg","5",""
"handmade-blackened-clay-pot---morocco","","","","","","","","","","","","","","","","","https://storage.e.jimdo.com/image/548882071/1d3cebcb-41b4-408e-ac1d-b62e4cbdeae4.jpg","6",""
"decorative-ceramic-pot","Decorative Ceramic Pot","","The Roots Corner","pots","pots","TRUE","Title","Default Title","decorative-ceramic-pot","shopify","1","deny","manual","135","TRUE","TRUE","https://storage.e.jimdo.com/image/545769743/a6cd8d63-2db1-4572-a9ee-0c7cbccab9df.jpg","1","active"
"decorative-ceramic-pot","","","","","","","","","","","","","","","","","https://storage.e.jimdo.com/image/545783580/0a4f1f6d-beb1-472d-bd8e-867234fbb890.jpg","2",""
"decorative-ceramic-pot","","","","","","","","","","","","","","","","","https://storage.e.jimdo.com/image/545783578/cbb41628-4c42-48f4-977d-2e3fb6fecd9b.jpg","3",""
"decorative-ceramic-pot","","","","","","","","","","","","","","","","","https://storage.e.jimdo.com/image/548860974/28608b06-f540-4ddc-a3f0-0823f69e68ce.jpg","4",""
"decorative-ceramic-pot","","","","","","","","","","","","","","","","","https://storage.e.jimdo.com/image/548860973/1642678e-2871-40c6-9be8-04ddc0335a32.jpg","5",""
"decorative-ceramic-pot","","","","","","","","","","","","","","","","","https://storage.e.jimdo.com/image/548860972/b32e272d-1263-4ed0-bc5b-7fb7eeb4287e.jpg","6",""
"decorative-ceramic-pot","","","","","","","","","","","","","","","","","https://storage.e.jimdo.com/image/548860971/e3cf66b4-1bd3-4b6f-9f71-f36b605cd4d2.jpg","7",""
"timeless-hand-carved-wooden-bowl-1","Timeless Hand-Carved Wooden Bowl","","The Roots Corner","pots","pots","TRUE","Title","Default Title","timeless-hand-carved-wooden-bowl-1","shopify","1","deny","manual","120","TRUE","TRUE","https://storage.e.jimdo.com/image/547922652/dd96f565-1a5c-4858-a8c1-288aee4f6aca.jpg","1","active"
"timeless-hand-carved-wooden-bowl-1","","","","","","","","","","","","","","","","","https://storage.e.jimdo.com/image/547922653/245a908f-50e3-48ae-82a8-c5cd1b02837e.jpg","2",""
"timeless-hand-carved-wooden-bowl-1","","","","","","","","","","","","","","","","","https://storage.e.jimdo.com/image/547922651/dfdf9674-08c4-44e8-921e-c5452de53cc2.jpg","3",""
"timeless-hand-carved-wooden-bowl-1","","","","","","","","","","","","","","","","","https://storage.e.jimdo.com/image/547922650/a886f4e8-02f5-4b3a-bebe-e6830b9814ad.jpg","4",""
"ancient-african-mortar","Ancient African Mortar","","The Roots Corner","pots","pots","TRUE","Title","Default Title","ancient-african-mortar","shopify","1","deny","manual","135","TRUE","TRUE","https://storage.e.jimdo.com/image/546661000/9a2e94fc-68cd-448e-8dde-59640e1dd047.jpg","1","active"
"ancient-african-mortar","","","","","","","","","","","","","","","","","https://storage.e.jimdo.com/image/546661296/442758e9-849c-4ac2-9a1b-bcf5336db7d3.jpg","2",""
"ancient-african-mortar","","","","","","","","","","","","","","","","","https://storage.e.jimdo.com/image/546661287/5ef349d1-4929-4e7e-b72e-a11e21767ee9.jpg","3",""
"ancient-african-mortar","","","","","","","","","","","","","","","","","https://storage.e.jimdo.com/image/546661291/94ded250-a428-44ab-a24e-511a1b10830b.jpg","4",""
"ancient-african-mortar","","","","","","","","","","","","","","","","","https://storage.e.jimdo.com/image/546661304/3985ef2f-7527-4d47-a79b-0536519f24e5.jpg","5",""
"ancient-african-mortar","","","","","","","","","","","","","","","","","https://storage.e.jimdo.com/image/546661274/638b0ebf-d91e-4dc5-8066-595d6a471508.jpg","6",""
"ancient-african-mortar","","","","","","","","","","","","","","","","","https://storage.e.jimdo.com/image/546661292/c23b8d85-d0ac-4d35-8584-8403388b83a3.jpg","7",""
"antique-moroccan-pot","Antique Moroccan Pot","","The Roots Corner","pots","pots","TRUE","Title","Default Title","antique-moroccan-pot","shopify","1","deny","manual","120","TRUE","TRUE","https://storage.e.jimdo.com/image/550028826/9c861a46-24cb-4a3c-9325-5231b5f1a165.jpg","1","active"
"antique-moroccan-pot","","","","","","","","","","","","","","","","","https://storage.e.jimdo.com/image/550028825/1e081eca-a147-450b-a48e-b100439c3c8e.jpg","2",""
"antique-moroccan-pot","","","","","","","","","","","","","","","","","https://storage.e.jimdo.com/image/550028824/38e51c74-9723-42d1-9fd8-cd23721c54ee.jpg","3",""
"antique-moroccan-pot","","","","","","","","","","","","","","","","","https://storage.e.jimdo.com/image/550028823/e58bc6ee-1344-4be8-a83e-4f02cc28a1ae.jpg","4",""
"handmade-pottery-vase-made-in-morocco","Handmade Pottery Vase Made in Morocco","","The Roots Corner","ceramics-tamegroute","ceramics-tamegroute","TRUE","Title","Default Title","handmade-pottery-vase-made-in-morocco","shopify","1","deny","manual","165","TRUE","TRUE","https://storage.e.jimdo.com/image/545767791/55e91019-2a66-4173-bc00-b56951269037.jpg","1","active"
"handmade-pottery-vase-made-in-morocco","","","","","","","","","","","","","","","","","https://storage.e.jimdo.com/image/545780424/28ca3824-7be9-4d42-9f59-2ad8dbeb2bb8.jpg","2",""
"handmade-pottery-vase-made-in-morocco","","","","","","","","","","","","","","","","","https://storage.e.jimdo.com/image/545780423/f0214138-9add-4a56-a36a-6efdd6e2f07e.jpg","3",""
"handmade-pottery-vase-made-in-morocco","","","","","","","","","","","","","","","","","https://storage.e.jimdo.com/image/545780422/d6ad477e-8e19-44d9-a536-44032fb9fd4a.jpg","4",""
"tamegroute-candle-s-and-m","Tamegroute Candle (S & M)","","The Roots Corner","ceramics-tamegroute","ceramics-tamegroute","TRUE","Title","Default Title","tamegroute-candle-s-and-m","shopify","1","deny","manual","45","TRUE","TRUE","https://storage.e.jimdo.com/image/550028919/c0d9a685-e624-4115-ae49-691d62eeec35.jpg","1","active"
"tamegroute-candle-s-and-m","","","","","","","","","","","","","","","","","https://storage.e.jimdo.com/image/550028917/3edfbd1d-c5fc-4fb2-bbcf-406530c49202.jpg","2",""
"tamegroute-candle-s-and-m","","","","","","","","","","","","","","","","","https://storage.e.jimdo.com/image/550028915/f440815d-a084-499d-9d35-41e1ddff8114.jpg","3",""
"handmade-ceramic-candlestick-tamgroute","Handmade Ceramic Candlestick Tamgroute","","The Roots Corner","ceramics-tamegroute","ceramics-tamegroute","TRUE","Title","Default Title","handmade-ceramic-candlestick-tamgroute","shopify","1","deny","manual","120","TRUE","TRUE","https://storage.e.jimdo.com/image/545769452/1b48b524-0503-407e-9319-22a9f4f16cd2.jpg","1","active"
"handmade-ceramic-candlestick-tamgroute","","","","","","","","","","","","","","","","","https://storage.e.jimdo.com/image/545782474/47064c1a-0da5-475a-9a59-0610f6f2e32c.jpg","2",""
"handmade-ceramic-candlestick-tamgroute","","","","","","","","","","","","","","","","","https://storage.e.jimdo.com/image/545782472/4018e6be-978d-49e9-9dc9-f771448e4b00.jpg","3",""
"handmade-ceramic-candlestick-tamgroute","","","","","","","","","","","","","","","","","https://storage.e.jimdo.com/image/545782439/76b7f235-8aaf-4ce7-aef6-1cea74ea9b43.jpg","4",""
"handmade-ceramic-candlestick-tamgroute","","","","","","","","","","","","","","","","","https://storage.e.jimdo.com/image/545782436/f5e0fbf9-d235-45ab-bbd7-c0c9dd61267c.jpg","5",""
"handmade-ceramic-candlestick-tamgroute","","","","","","","","","","","","","","","","","https://storage.e.jimdo.com/image/545782435/ab125ff4-14ae-415d-8aa5-14ae8f1eff0d.jpg","6",""
"wabi-sabi-moroccan-vase-lamp","Wabi-Sabi Moroccan Vase Lamp","","The Roots Corner","lamp","lamp","TRUE","Title","Default Title","wabi-sabi-moroccan-vase-lamp","shopify","0","deny","manual","280","TRUE","TRUE","https://storage.e.jimdo.com/image/503044402/ddfe5172-b36e-439b-97db-dc745c111a97.jpg","1","active"
"dogon-tribal-staff","Dogon Tribal Staff","","The Roots Corner","african-decoration","african-decoration","TRUE","Title","Default Title","dogon-tribal-staff","shopify","1","deny","manual","180","TRUE","TRUE","https://storage.e.jimdo.com/image/503045521/d7cf54c2-1fed-4066-bbf7-bcae925af99f.jpg","1","active"
"dogon-tribal-staff","","","","","","","","","","","","","","","","","https://storage.e.jimdo.com/image/546661295/2415a3e8-cd1a-4c0c-86c7-eb6292edd3a0.jpg","2",""
"dogon-tribal-staff","","","","","","","","","","","","","","","","","https://storage.e.jimdo.com/image/546661289/80ae39ab-fa86-463a-a28f-85098cde7f99.jpg","3",""
"dogon-tribal-staff","","","","","","","","","","","","","","","","","https://storage.e.jimdo.com/image/546661288/97c2e515-b401-4aaa-b144-1a0fe2f542db.jpg","4",""
"dogon-tribal-staff","","","","","","","","","","","","","","","","","https://storage.e.jimdo.com/image/546661285/aafad9e5-1692-4c88-a129-25961e96a33b.jpg","5",""
"dogon-tribal-staff","","","","","","","","","","","","","","","","","https://storage.e.jimdo.com/image/503046099/5f78aca3-6d60-41a8-9368-a7ecb608cc2b.jpg","6",""
"tuareg-tent-stakes","Tuareg Tent Stakes","","The Roots Corner","african-decoration","african-decoration","TRUE","Title","Default Title","tuareg-tent-stakes","shopify","1","deny","manual","75","TRUE","TRUE","https://storage.e.jimdo.com/image/546662962/0d21c5bc-0367-43f1-92ac-8a7addd48bcc.jpg","1","active"
"tuareg-tent-stakes","","","","","","","","","","","","","","","","","https://storage.e.jimdo.com/image/546661303/a3259dc5-1410-474f-8d9f-4abda91d870b.jpg","2",""
"tuareg-tent-stakes","","","","","","","","","","","","","","","","","https://storage.e.jimdo.com/image/546661302/eb2e018f-c737-4cbe-810f-5dd3ffdd0041.jpg","3",""
"tuareg-tent-stakes","","","","","","","","","","","","","","","","","https://storage.e.jimdo.com/image/546661300/63b2bf42-ff9e-48eb-915a-eefef9d6a6ed.jpg","4",""
"tuareg-tent-stakes","","","","","","","","","","","","","","","","","https://storage.e.jimdo.com/image/546661299/54d78da2-e810-4ac1-a058-8d67be0dde6f.jpg","5",""
"tuareg-tent-stakes","","","","","","","","","","","","","","","","","https://storage.e.jimdo.com/image/546661297/279c5f8f-7766-41d2-ac10-192028ae49c0.jpg","6",""
"tuareg-tent-stakes","","","","","","","","","","","","","","","","","https://storage.e.jimdo.com/image/546661294/3f234c17-611e-4f19-a545-1658f2e074f4.jpg","7",""
"tuareg-tent-stakes","","","","","","","","","","","","","","","","","https://storage.e.jimdo.com/image/546661293/674c09a3-2c4c-4bba-a630-3665357b065c.jpg","8",""
"authentic-wooden-tent-peg","Authentic Wooden Tent Peg","","The Roots Corner","african-decoration","african-decoration","TRUE","Title","Default Title","authentic-wooden-tent-peg","shopify","1","deny","manual","125","TRUE","TRUE","https://storage.e.jimdo.com/image/545802227/1f5378cd-7a86-4551-93c4-29db72ccd0b0.jpg","1","active"
"authentic-wooden-tent-peg","","","","","","","","","","","","","","","","","https://storage.e.jimdo.com/image/545802277/fbfa43af-c669-48e9-8ff6-92e13a852e14.jpg","2",""
"authentic-wooden-tent-peg","","","","","","","","","","","","","","","","","https://storage.e.jimdo.com/image/545802276/ebeb9943-19e0-4129-b229-eee42e98b997.jpg","3",""
"authentic-wooden-tent-peg","","","","","","","","","","","","","","","","","https://storage.e.jimdo.com/image/545802275/dde1b587-3cc9-40c7-9b02-2a063ac42dab.jpg","4",""
"authentic-wooden-tent-peg","","","","","","","","","","","","","","","","","https://storage.e.jimdo.com/image/545802274/74842827-e357-4351-a4db-424354f469f4.jpg","5",""
"authentic-wooden-tent-peg","","","","","","","","","","","","","","","","","https://storage.e.jimdo.com/image/545802273/57045dec-ce35-46ff-a807-d431c350ded7.jpg","6",""
"decorative-wooden-tray","Decorative Wooden Tray","","The Roots Corner","african-decoration","african-decoration","TRUE","Title","Default Title","decorative-wooden-tray","shopify","1","deny","manual","185","TRUE","TRUE","https://storage.e.jimdo.com/image/545769592/8a6ffdcc-448f-48e9-b719-6facdca48bc8.jpg","1","active"
"decorative-wooden-tray","","","","","","","","","","","","","","","","","https://storage.e.jimdo.com/image/545780020/363d5b65-eade-4749-bcca-51d3d0560c19.jpg","2",""
"decorative-wooden-tray","","","","","","","","","","","","","","","","","https://storage.e.jimdo.com/image/545780018/77e292da-df3c-4b98-a05f-67d68ed0a38e.jpg","3",""
"decorative-wooden-tray","","","","","","","","","","","","","","","","","https://storage.e.jimdo.com/image/545780016/613bac85-cb09-495e-b317-267d952c4c4e.jpg","4",""
"decorative-wooden-tray","","","","","","","","","","","","","","","","","https://storage.e.jimdo.com/image/545780014/da11f93d-9e10-4ad9-b6a7-46daae5e7a7b.jpg","5",""
"solid-wood-pedestal-bowl---ethiopian-and-west-african-craftsmanship-1","Solid Wood Pedestal Bowl – Ethiopian & West African Craftsmanship","","The Roots Corner","african-decoration","african-decoration","TRUE","Title","Default Title","solid-wood-pedestal-bowl---ethiopian-and-west-african-craftsmanship-1","shopify","1","deny","manual","260","TRUE","TRUE","https://storage.e.jimdo.com/image/503042850/87f7a189-300a-4e19-8daf-b760450d063f.jpg","1","active"
"solid-wood-pedestal-bowl---ethiopian-and-west-african-craftsmanship-1","","","","","","","","","","","","","","","","","https://storage.e.jimdo.com/image/547923458/9ee1de9c-0451-4301-9456-a79276ca0ad9.jpg","2",""
"solid-wood-pedestal-bowl---ethiopian-and-west-african-craftsmanship-1","","","","","","","","","","","","","","","","","https://storage.e.jimdo.com/image/547923455/3913b33f-781e-4ca7-ad8c-3ed69f49ddba.jpg","3",""
"solid-wood-pedestal-bowl---ethiopian-and-west-african-craftsmanship-1","","","","","","","","","","","","","","","","","https://storage.e.jimdo.com/image/547923457/f96a1336-8d6b-415e-9c7d-81027bd4c368.jpg","4",""
"solid-wood-pedestal-bowl---ethiopian-and-west-african-craftsmanship-1","","","","","","","","","","","","","","","","","https://storage.e.jimdo.com/image/547923452/4bd61a94-29b3-4fd5-aee9-24913d5185d1.jpg","5",""
"solid-wood-pedestal-bowl---ethiopian-and-west-african-craftsmanship-1","","","","","","","","","","","","","","","","","https://storage.e.jimdo.com/image/547923430/e9a1e8fd-195a-4aa0-9a55-f917d3957016.jpg","6",""
"solid-wood-pedestal-bowl---ethiopian-and-west-african-craftsmanship-1","","","","","","","","","","","","","","","","","https://storage.e.jimdo.com/image/547923428/77d78f56-1fda-4ec8-9301-988b74b08475.jpg","7",""
"solid-wood-pedestal-bowl---ethiopian-and-west-african-craftsmanship-1","","","","","","","","","","","","","","","","","https://storage.e.jimdo.com/image/547923429/108b079d-60d9-400f-98cd-8ed3c49793db.jpg","8",""
"antique-comb-used-for-weaving-moroccan-rugs","Antique Comb Used for Weaving Moroccan Rugs","","The Roots Corner","african-decoration","african-decoration","TRUE","Title","Default Title","antique-comb-used-for-weaving-moroccan-rugs","shopify","1","deny","manual","130","TRUE","TRUE","https://storage.e.jimdo.com/image/548970717/5177a9ec-b4a4-46d5-980c-9a038b5d7305.webp","1","active"
"antique-comb-used-for-weaving-moroccan-rugs","","","","","","","","","","","","","","","","","https://storage.e.jimdo.com/image/548971043/448bb4c4-7920-430d-9b3f-5aec2b50212c.webp","2",""
"antique-comb-used-for-weaving-moroccan-rugs","","","","","","","","","","","","","","","","","https://storage.e.jimdo.com/image/548971040/f2d37d1a-2df4-43dd-b5cc-ab7bc74101dc.webp","3",""
"antique-comb-used-for-weaving-moroccan-rugs","","","","","","","","","","","","","","","","","https://storage.e.jimdo.com/image/548971042/13f52bda-fa5a-4a07-82bb-44ab2db75f9d.jpg","4",""
"antique-comb-used-for-weaving-moroccan-rugs","","","","","","","","","","","","","","","","","https://storage.e.jimdo.com/image/548971022/b1802f28-d18f-4979-98dd-2b77dfa71c1d.webp","5",""
"antique-comb-used-for-weaving-moroccan-rugs","","","","","","","","","","","","","","","","","https://storage.e.jimdo.com/image/548971020/b7962c8a-f716-461a-8a46-d9922248065b.webp","6",""
"antique-comb-used-for-weaving-moroccan-rugs","","","","","","","","","","","","","","","","","https://storage.e.jimdo.com/image/548971008/99cfc9bb-c0bc-43f6-9d7a-ab0ddb837884.webp","7",""
"loom-beater-african-art","Loom Beater African Art","","The Roots Corner","african-decoration","african-decoration","TRUE","Title","Default Title","loom-beater-african-art","shopify","1","deny","manual","180","TRUE","TRUE","https://storage.e.jimdo.com/image/550028884/efbd45dc-3776-4772-938c-d3e2708b9bd6.jpg","1","active"
"loom-beater-african-art","","","","","","","","","","","","","","","","","https://storage.e.jimdo.com/image/550028916/d9ab1c96-4012-4f35-a883-1e6e5793c0e8.jpg","2",""
"loom-beater-african-art","","","","","","","","","","","","","","","","","https://storage.e.jimdo.com/image/550028912/94a7f79c-8612-4e07-8030-cd9c61fbf987.jpg","3",""
"loom-beater-african-art","","","","","","","","","","","","","","","","","https://storage.e.jimdo.com/image/550028872/e437d52d-b6ae-4c89-84e8-d676cb1445a7.jpg","4",""
"loom-beater-african-art","","","","","","","","","","","","","","","","","https://storage.e.jimdo.com/image/550028865/5b7108fc-0be2-4b13-857d-57af7413f8b1.jpg","5",""
"loom-beater-african-art","","","","","","","","","","","","","","","","","https://storage.e.jimdo.com/image/550028848/41017294-9740-4f4b-847d-30424d1fa286.jpg","6",""
"loom-beater-african-art","","","","","","","","","","","","","","","","","https://storage.e.jimdo.com/image/550028847/6302d645-6792-44d2-8220-83332e602263.jpg","7",""
"vintage-moroccan-shelf-berbere","Vintage Moroccan Shelf (Berbere)","","The Roots Corner","african-decoration","african-decoration","TRUE","Title","Default Title","vintage-moroccan-shelf-berbere","shopify","1","deny","manual","95","TRUE","TRUE","https://storage.e.jimdo.com/image/550028899/5d9996a3-92ff-41da-ac3b-3b0a4e811c15.jpg","1","active"
"vintage-moroccan-shelf-berbere","","","","","","","","","","","","","","","","","https://storage.e.jimdo.com/image/550028871/d077797d-aacf-42c4-8ea5-15b0f98c6f1f.jpg","2",""
"vintage-moroccan-shelf-berbere","","","","","","","","","","","","","","","","","https://storage.e.jimdo.com/image/550028870/7faeec62-5dc6-43fd-abc1-262acd2f244d.jpg","3",""
"vintage-moroccan-shelf-berbere","","","","","","","","","","","","","","","","","https://storage.e.jimdo.com/image/550028859/34358ecb-ba02-4642-9311-360489aa460a.jpg","4",""
"vintage-moroccan-shelf-berbere","","","","","","","","","","","","","","","","","https://storage.e.jimdo.com/image/550028844/6985fd6a-4ff1-4c5b-9dd7-e37132f63570.jpg","5",""
"vintage-moroccan-shelf-berbere","","","","","","","","","","","","","","","","","https://storage.e.jimdo.com/image/550028842/5c6fa2d2-5b2b-41b2-84fe-72a91e529de5.jpg","6",""
"turtle-shaped-indonesia","Turtle-Shaped Indonesia","","The Roots Corner","decoration","decoration","TRUE","Title","Default Title","turtle-shaped-indonesia","shopify","1","deny","manual","380","TRUE","TRUE","https://storage.e.jimdo.com/image/545793676/bb6c61e8-bcdd-4464-a228-fe775f51f39b.jpg","1","active"
"turtle-shaped-indonesia","","","","","","","","","","","","","","","","","https://storage.e.jimdo.com/image/545793851/17353a74-5ef2-4213-b3e1-3cf98566b239.jpg","2",""
"turtle-shaped-indonesia","","","","","","","","","","","","","","","","","https://storage.e.jimdo.com/image/545793737/01307178-59f4-4df3-90dd-4409e6bbc4ef.jpg","3",""
"turtle-shaped-indonesia","","","","","","","","","","","","","","","","","https://storage.e.jimdo.com/image/545793736/c9b14b2f-d370-4704-910d-d838d207964e.jpg","4",""
"turtle-shaped-indonesia","","","","","","","","","","","","","","","","","https://storage.e.jimdo.com/image/545793735/655af94e-7388-4f64-b13d-9e8de2b6594d.jpg","5",""
"turtle-shaped-indonesia","","","","","","","","","","","","","","","","","https://storage.e.jimdo.com/image/545793734/646cc460-b91a-465c-8ee4-270f97b57252.jpg","6",""
"vintage-moroccan-teapot","Vintage Moroccan Teapot","","The Roots Corner","decoration","decoration","TRUE","Title","Default Title","vintage-moroccan-teapot","shopify","1","deny","manual","35","TRUE","TRUE","https://storage.e.jimdo.com/image/548967129/9ce6e1b7-d648-4723-9696-96c6394fcbe6.jpg","1","active"
"vintage-moroccan-teapot","","","","","","","","","","","","","","","","","https://storage.e.jimdo.com/image/548967695/8da50afe-a5e3-48db-8dad-4fe22615ef58.webp","2",""
"vintage-moroccan-teapot","","","","","","","","","","","","","","","","","https://storage.e.jimdo.com/image/548967480/99f6a5f7-01af-48db-bac8-c7ca380a183f.jpg","3",""
"vintage-moroccan-teapot","","","","","","","","","","","","","","","","","https://storage.e.jimdo.com/image/548967437/0e4e7174-d0e1-403b-9ed1-a29e3bdc5980.webp","4",""
"vintage-moroccan-teapot","","","","","","","","","","","","","","","","","https://storage.e.jimdo.com/image/548967235/ac2a092d-510f-4d0a-87d2-850a3348a764.webp","5",""
"vintage-moroccan-teapot","","","","","","","","","","","","","","","","","https://storage.e.jimdo.com/image/548967169/c42bbf7b-6a1a-49b5-b6f2-af7212277723.webp","6",""
"antique-lombok-spinning-top","Antique Lombok Spinning Top","","The Roots Corner","decoration","decoration","TRUE","Title","Default Title","antique-lombok-spinning-top","shopify","1","deny","manual","380","TRUE","TRUE","https://storage.e.jimdo.com/image/545779037/dc95828f-b79f-422a-937d-f02bea1b31a8.jpg","1","active"
"antique-lombok-spinning-top","","","","","","","","","","","","","","","","","https://storage.e.jimdo.com/image/548472357/12ee575c-c77b-4b44-bd1e-beb433590912.jpg","2",""
"antique-lombok-spinning-top","","","","","","","","","","","","","","","","","https://storage.e.jimdo.com/image/548472350/5db73f62-5edf-4645-87d0-619674ea5bd2.jpg","3",""
"antique-lombok-spinning-top","","","","","","","","","","","","","","","","","https://storage.e.jimdo.com/image/548472348/b43ee05f-a1b4-4111-ae71-09e2d4bcce46.jpg","4",""
"spinning-top-gasing-indonesia","Spinning Top (Gasing Indonesia)","","The Roots Corner","decoration","decoration","TRUE","Title","Default Title","spinning-top-gasing-indonesia","shopify","1","deny","manual","85","TRUE","TRUE","https://storage.e.jimdo.com/image/550028829/9e3c30b5-22ed-4cfe-9154-9a600ff6bccf.jpg","1","active"
"spinning-top-gasing-indonesia","","","","","","","","","","","","","","","","","https://storage.e.jimdo.com/image/550028831/c17e341b-1402-4cf5-b6e4-4aa65e962ab5.jpg","2",""
"spinning-top-gasing-indonesia","","","","","","","","","","","","","","","","","https://storage.e.jimdo.com/image/550028833/500090e7-dbe7-4e5c-a19e-ad81285188be.jpg","3",""
"spinning-top-gasing-indonesia","","","","","","","","","","","","","","","","","https://storage.e.jimdo.com/image/550028835/dc77e744-e52e-4f49-a053-db8af494cf6c.jpg","4",""
"spinning-top-gasing-indonesia","","","","","","","","","","","","","","","","","https://storage.e.jimdo.com/image/550028834/ac94385f-ba93-497a-a351-79c63093c12c.jpg","5",""
"spinning-top-gasing-indonesia","","","","","","","","","","","","","","","","","https://storage.e.jimdo.com/image/550028830/f93fae9e-ea8c-4b7f-a668-b9381b632818.jpg","6",""
"spinning-top-gasing-indonesia","","","","","","","","","","","","","","","","","https://storage.e.jimdo.com/image/550028828/b3a5d4be-c7fa-4316-9779-0bb65f75fa5e.jpg","7",""
"spice-rack-morocco","Spice Rack Morocco","","The Roots Corner","decoration","decoration","TRUE","Title","Default Title","spice-rack-morocco","shopify","1","deny","manual","120","TRUE","TRUE","https://storage.e.jimdo.com/image/550028858/fe1c429b-d73c-471b-9a0d-5f8272608d90.jpg","1","active"
"spice-rack-morocco","","","","","","","","","","","","","","","","","https://storage.e.jimdo.com/image/550028914/ff2d737b-0a9e-46df-a76a-03b7749be94c.jpg","2",""
"spice-rack-morocco","","","","","","","","","","","","","","","","","https://storage.e.jimdo.com/image/550028901/b7e6244b-d43c-4f42-ae9b-636d3c10a5fd.jpg","3",""
"spice-rack-morocco","","","","","","","","","","","","","","","","","https://storage.e.jimdo.com/image/550991058/8f3ed0af-5a81-480a-a7c8-d27efa08a7a7.jpg","4",""
"spice-rack-morocco","","","","","","","","","","","","","","","","","https://storage.e.jimdo.com/image/550028861/50b1fd87-6a72-4e95-92b7-d4ef331a440b.jpg","5",""
"spice-rack-morocco","","","","","","","","","","","","","","","","","https://storage.e.jimdo.com/image/550028860/740874bd-56e9-4497-bfce-be6766ce823f.jpg","6",""
"spice-rack-morocco","","","","","","","","","","","","","","","","","https://storage.e.jimdo.com/image/550028857/743d5da3-a8bb-4fe5-b820-7796d4fa5b1b.jpg","7",""
"spice-rack-morocco","","","","","","","","","","","","","","","","","https://storage.e.jimdo.com/image/550028851/8a4028b8-9e36-4a19-a70d-2d5448a7cc2a.jpg","8",""
"spice-rack-morocco","","","","","","","","","","","","","","","","","https://storage.e.jimdo.com/image/550028846/e691fecf-c3a5-4d8a-86be-d0377d059184.jpg","9",""
"decorative-iron-disc-indonesian","Decorative Iron Disc (Indonesian)","","The Roots Corner","decoration","decoration","TRUE","Title","Default Title","decorative-iron-disc-indonesian","shopify","1","deny","manual","380","TRUE","TRUE","https://storage.e.jimdo.com/image/550028845/1b8813e8-4727-4b64-b45d-5ea3c65d32a9.jpg","1","active"
"decorative-iron-disc-indonesian","","","","","","","","","","","","","","","","","https://storage.e.jimdo.com/image/550028853/68cddd13-4f7d-4b35-9b22-e2a37e177f01.jpg","2",""
"decorative-iron-disc-indonesian","","","","","","","","","","","","","","","","","https://storage.e.jimdo.com/image/550028913/3dcf50e8-7406-4022-ba29-117ee8d48f4a.jpg","3",""
"decorative-iron-disc-indonesian","","","","","","","","","","","","","","","","","https://storage.e.jimdo.com/image/550028873/6657bbce-bddc-4f2f-a7f5-0da37531ced3.jpg","4",""
"decorative-iron-disc-indonesian","","","","","","","","","","","","","","","","","https://storage.e.jimdo.com/image/550028869/c7cf1479-a3e7-4aae-a9b6-928e5d4a5f39.jpg","5",""
"lombok-weel-indonesian","Lombok Weel (Indonesian)","","The Roots Corner","decoration","decoration","TRUE","Title","Default Title","lombok-weel-indonesian","shopify","0","deny","manual","85","TRUE","TRUE","https://storage.e.jimdo.com/image/550028827/5ea58363-8c70-4e76-85a1-5d0c29f084f9.jpg","1","active"
"lombok-weel-indonesian","","","","","","","","","","","","","","","","","https://storage.e.jimdo.com/image/550028821/e052b015-a113-45d0-9db2-10f54218edbd.jpg","2",""
"lombok-weel-indonesian","","","","","","","","","","","","","","","","","https://storage.e.jimdo.com/image/550028820/a06749b1-feb7-48e1-9b5a-dadc50aa6667.jpg","3",""
"lombok-weel-indonesian","","","","","","","","","","","","","","","","","https://storage.e.jimdo.com/image/550028836/fc563e82-41f2-4d5b-9112-50a1ce28c6de.jpg","4",""
"lombok-weel-indonesian","","","","","","","","","","","","","","","","","https://storage.e.jimdo.com/image/550028832/e3d2b60a-5b54-4617-92c8-37b644265a39.jpg","5",""
